ABDUL SIRAAJ FATANI BILONDATU,115571177,X.1
AFIQUL SYA'BAN MASULILI,3117754351,X.1
ATHALLAH QODRY YUSUF,112395623,X.1
FARRAS AUFAA,3118602905,X.1
IKHLASUL AMAL NANGO,118065922,X.1
MOH AUDAX ARIRA NAPU,3110776604,X.1
MOH.SHAFWAAN.A.HASAN,147088845,X.1
MOH. AFDAL HULOPI,3117279699,X.1
MUH. FURQAN KHALILURRAHMAN BUTUDOKA,114424000,X.1
MUHAMMAD AZAM SAMADI,121515696,X.1
MUHAMMAD URWAH RABI'UTTSANI YUNUS,3117157403,X.1
NURULDIN REYHAN ENGAHU,115434221,X.1
NIZAM IBRAH MONOARFA,3113177662,X.1
PRIMA DWI ABDUL RAZAK,114900037,X.1
RADITYA PRATAMA,118861706,X.1
RIZKY RADITYA E. ABUKASI,3109712308,X.1
RERI ANDRA RAMADHAN ERRIA PUTRA,115327972,X.1
RYDI RAYYAN LUBIS,3110871920,X.1
AISYAH SALSABILA PUTRI MILE,114037834,X.1
AN NISSA HUMAIRAH BINTI GIMALAHA,3118338082,X.1
DEA FITRIANI K. DJAFAR,3115936563,X.1
DIFATUL INAYAH LATIF,3108138833,X.1
FAIQAH NAUREEN ARBANI HASAN,3115880348,X.1
HUMAIRO HASAN,113029136,X.1
MA'RIFATULLAH FADLIYANTO KOEM,116661723,X.1
MICHEL AGUSTINE O.USMAN,109485158,X.1
MUTIA SALSABILA NOHO,112991430,X.1
NABIELA DEVIKA CHANDRA NUSI,114373569,X.1
NAJLA APRILIA DAENG MATONA,118784066,X.1
NIKYTA PANANTU,119234695,X.1
NURFAJRIA BANTALI,119179375,X.1
PUTRI NADIVA KARIM,118430716,X.1
RIFQA NADIRA OMBAIER,113431122,X.1
RIRA NAYRA RAMADHANI ERRIA PUTRA,119964141,X.1
SITI SYAFIRA NADYA BUTOLO,108613374,X.1
SITI NURBADRIYAH WUNGGULI,115103665,X.1
SYAKIRAH AL ZENA PATILA,3116218580,X.1
SYAHLA WASFI BASREWAN,118933129,X.1
SYILA SYABANIA SUAIBA,115116534,X.1
ZAHRA AUDREY SYAUQINA BUHELI,3110061210,X.1
AZKA MALKA FIRDAUS DALI,3111809112,X.2
ANUGERAH PRATAMA ALI,117903436,X.2
ATAYA ADYATMA FATIH RAMADHAN SIOLA,3119857623,X.2
DANISH SATYA KHOIRON,104172243,X.2
FARIZ NAUFAL P. BAKARI,126611717,X.2
FUAD HASAN PUTRA NGABITO,3117135648,X.2
HABIBURRAHMAN EL SHIRAZY,3112950074,X.2
KEYZA ALVAROQ A. BAHSOAN,116537057,X.2
MOHAMAD ALFITO BASALAMA,111983198,X.2
MOH. AGUNG TRI YUDISTIRA RAHIM,114562898,X.2
MOHAMAD ABD. AZIS,3104555078,X.2
MOH. ADITYA PUTRA R. GOBEL,124005792,X.2
MOHAMAD RIZKY PUTRA SYAUS,3114343584,X.2
MOH. WAHYUDA AL’REZI AHMAD,112587943,X.2
MUH. FURQAN TEGAR PUTRA YUNUS,113622992,X.2
MUH.ROZIQ ALFRIYANTO MAUDA,113450224,X.2
MUHAMMAD FIKRI MAADI,104566582,X.2
RAHMAT RAMADHAN A. JUSUF,119362261,X.2
RIFATUL F. LAMUDA,114754409,X.2
RISQULLAH DZUL AL AQRAM RASJID,112984553,X.2
VITRA RAMADHAN PODUNGGE,3118425805,X.2
ALIFYANNISA RAYA SYARAFANA,3113596945,X.2
ALMIRA LATIFATURRAHMA TOU,3112420568,X.2
ATSILLAH RAIHANNAH PUTRI MUHAMMAD,3111719567,X.2
AFIFFAH KHANSA MAULIDINA,116286984,X.2
DWI RISKIANI SABIHI,3119984872,X.2
HANIPA DEOWALI,117840387,X.2
KHAIRANA.N.A.HASANAH RAUF,115164569,X.2
KHUMAIRAH ASHADIYA ISMAIL,111262587,X.2
LUTHFIYAH NURFAIDZAH DJABI,103607850,X.2
MARWAH DINATA,112340696,X.2
NAJWA AFIFAH ALTAFUNNISA M. ISHAK,112296008,X.2
NAZIFA ADZRA RAMADANI RIVAI,3116520722,X.2
NUR KHAIRIN R. MUSA,119722078,X.2
NUR SAFIKA ACA SAPUTRI,3114602136,X.2
RA. SITI NUR ASYABILLAH,113900404,X.2
SAHIRA KHAIRUNNISA BEMPA,118117655,X.2
SRI ELVANA KARIM,116559580,X.2
TRI CAHYA CINTA TALIKI,118237626,X.2
ZALWA SYAUQIA ISMAIL,119996662,X.2
ABDI WIRA DAUD,111603248,X.3
ABDUL ATHAR TAHAKU,3113006074,X.3
ADITYA FAUZIL UNA,106994781,X.3
ALIF ZUMAIR ABDULLAH,115673620,X.3
AZRAF TRI PUTRA BOKINGS,3109337946,X.3
BANYU BENING EL RUMI JASSIN,114747319,X.3
CAHYA ABDUL DWI PUTRA TADU,3111293141,X.3
DZAKWAN ALTAF S. HIOLA,3113954036,X.3
FATHAN HIDAYATULLAH POHONTU,114109739,X.3
HARITH HAZIQ SAID,117116087,X.3
JUNIOR ABDUL PUTRA IBRAHIM,113916174,X.3
KHAIRUL AWAL KATILI,116034381,X.3
LINGGA JAYA PRATAMA SOPIAN AMBO,115379460,X.3
MOHAMMAD HAIKAL RADJULANI,117999077,X.3
MOHAMMAD ROFII' RUCHBAN,113503986,X.3
MUHAMMAD ALFATIH RIZKIULLOH,109865499,X.3
MUHAMMAD IQBAL,115024957,X.3
NAUFAL ABDURRAHMAN BIN IRFAN ABUDJULU,109568849,X.3
SYAFIK ANDIKA SOLIHIN,116494424,X.3
ADABIAH KHALILAH SYARIFUDDIN,113272532,X.3
ADIVA NAFIAH HABIBIE,3113777910,X.3
ADZKIYA MAULIDA QURROTA'AINI,113740939,X.3
AFIKA FEBRIANI HULUDU,119611363,X.3
AIDA PUTRI AFIFAH,119222010,X.3
ALISYA SYABANIA R. ABD SARIPI,3119434621,X.3
ALMAIRA GHANIYAH PUTRI ERWIN,104937300,X.3
CHALIFA CHAIRUNNISA ISMAIL,3116387055,X.3
DANIAH AFIFAH DUNDA,103344352,X.3
DZAKIAH AZZAHRA IBRAHIM,115553582,X.3
FAYQA ANGGRAINY HOKE,3113365276,X.3
HINDUN PUTRI DEBI H. ALAM,115398030,X.3
KARINA KHARISA PUTRI DAI,112862329,X.3
LIVIE RAHAYU USMAN,116134502,X.3
MARSYA AISAH ABAS,114886976,X.3
NAHLA SHAKIRAH UMAYER,116009827,X.3
NASYIFA QIRANIA NAINI,118560668,X.3
PUTRI DIANDRA YUSUF,103892316,X.3
SHAFIRA AFIFAH AYUNIRA NEO,112809398,X.3
YUMNA KHAERUNNISA HIODA,3119412102,X.3
ZAHRA LASTRY AULIA MOKOGINTA,3115914622,X.3
ABDUL ALGHIFFARY AHMAD,3112574403,X.4
ALFIN ALLTAF SYAHPUTRA MUNDOK,117094218,X.4
DZAKIY DHIAULHAQ ABAS,3106614844,X.4
BILAL SULEMAN,3114931288,X.4
FATHIR SHEVA PRATIKNO,118143296,X.4
FATIHFATHUR ROHMAN,112547884,X.4
JEFRI BUSURA,119726464,X.4
M.A. IZZUL HAQ N. JUSUF,3111151706,X.4
MOHAMAD INSAN KAMIL PAKAYA,105479940,X.4
MOHAMAD IRHAM ALI,103137476,X.4
MUHAMMAD DHAIFULLAH IHSAN PAKAYA,3113170025,X.4
MUHAMMAD MUFLIH IBRAHIM,3116364443,X.4
NAUFAL KHALISH NUR HASYID,3115654559,X.4
RUHUL AZHAM ISMAIL,3114940294,X.4
SAMSUL IZHAR LAHABU,115919679,X.4
ADISTI LARASATI SEROA,112738448,X.4
ALESHA NAUFALYN POTUTU,114196104,X.4
AMIRAH DWI PUTRI HUMOKOR,3109058448,X.4
AZWARIYAH AFRA HASAN,118644227,X.4
DANISYAH DANIA PUTRI SALEH,3116875624,X.4
FITRIA RAMADANI ISMAIL,116000850,X.4
HUMAIRAH AZ.ZAHRA MARHABA,126581029,X.4
KARTIKA EKA PUTRI AHMAD,3113999980,X.4
KHAIRUNNISA BUNGA AMELIA BAWINTO,114615816,X.4
MECYKE ADELIA KUNUSA,114348658,X.4
MEIDYANDINI,112293949,X.4
NADHIFAH AZZAHRA ALHADDAR,3111061232,X.4
NADHIFFA RAMADHANI BASALAMAH,3119146889,X.4
NAYLAH AZ ZAHRAH ARTYKA,104235131,X.4
OKTAVIANA WULANDARI,102639137,X.4
SABIKAH QORRI AINA GOBEL,111311831,X.4
SITI KHUMAIRAH Z. HUTOTI,119509587,X.4
SUKMAWATY ANGGRAEINY MOKOGINTA,113442742,X.4
SUKNA NAZWA SAIN,101203556,X.4
SHIERIN NABAHATUL ULYA,3112999404,X.4
SYIFA QURROTI A'YUN TOLAGO,3119652176,X.4
THARA JESSICA PRATIWI DJAFAR,3115132533,X.4
YANISA ARFA TUKI,115529938,X.4
ZAHIRA AINUN KADIR,103576988,X.4
ZHAFIRA NAIRA PUTRI MASUARA,118851770,X.4
ABDUL MUHLIS THALIB,107780103,X.5
ALFURQAN PUTRA DARMAWANGSAH,117767423,X.5
ALTHAF EL SESARIO ULOLI,115529057,X.5
BINTANG ANUGRAH BADU,119886471,X.5
FATIR IMANSYAH SAIDI,116767524,X.5
FATURAHMAN AL AFGHANY PUNGKENI,115449813,X.5
JUNIO EZAR ADHYAKSA ILAHUDE,3118748009,X.5
MAHARDIKA ZAIN,105546979,X.5
MOHAMAD SYAUGIE MAULANA PONTOH,117735504,X.5
MOHAMAD YUNUS USMAN,3110254560,X.5
MUHAMMAD AKMAL AHYA,118915667,X.5
MUHAMMAD ALFAREL LATIF,111872451,X.5
NAWWAF ABINAYA KADIR,102213889,X.5
SARPAN ABAS,117876352,X.5
UWAIS AL-GHOZY,111105330,X.5
ALFATISA ZAHRASYIFA UNO,115161099,X.5
ANANDHEA NUR MIRANTI AMIN,3103515734,X.5
ANDINI ZAHWA RAMADHANI KOROMPOT,111310188,X.5
CITRA LETISHA LAWADJO,111210722,X.5
DHEA SIFA RAMADHANI ADAM,106570714,X.5
FRATIWI R. HASAN,119167296,X.5
JIHAN NAURI AFIF MONOARFA,145964111,X.5
KEIKO PUTRI KHALILAH JUSUF,117043541,X.5
KHANSA ABDULLAH,3119103202,X.5
MEZZALUNA AZZUHRA SALIM,113857293,X.5
MIFTA NURULJANNAH A.TALIB,107519066,X.5
NADIRAH QISTINA SYAZWAN LUAWO,116133661,X.5
NADYAH APRILIA NAPU,3112425269,X.5
NAZMI NUR ISNAINI DAUD,118694484,X.5
PUTRI DWI AQILAH,3109005747,X.5
SALSABILA ADILA M. AGUS,112417560,X.5
SITI MARWAH NUSI,116945899,X.5
SHIRIIN DWI PUTRI ABDUL,114783861,X.5
SITI FAKHRIYAH MUDI,115763671,X.5
SYAFANA PUTRI KALUKU,117449144,X.5
SYAQILA KHANZA KALUKU,108864348,X.5
TRISHYA APRILIANA KASIM,3115697783,X.5
WIANDA PUTRI MAHMUD,118186706,X.5
ZAHIRA AMALIYAH,111233469,X.5
ZAVINA H ALI,113955318,X.5
ABDUL RAFI TAMBENGI,3119247128,X.6
ADITYA PERPATI,,X.6
ANDI ABEE ZOELTHAN KATILI,108813189,X.6
CAHYA PUTRA RAMADAN DUMBELA,111504596,X.6
FAUZAN PRASETYA ASIKU,111224430,X.6
FIRMANSYAH PUTRA SARIDJAN,3108410927,X.6
KHAIRUL AZAM Z.MONOARFA,114175154,X.6
MOH ALFAHRI ADIYAQSAH AMU,103653589,X.6
MOH FAJAR PUTRA MAKUTA,115573864,X.6
MOHAMAD ALI FURQON BADUDU,116184639,X.6
MUHAMMAD ALIFARDAN N. KOBIE,3109975996,X.6
MUHAMMAD AMIRUL ADLI,3117805540,X.6
NIZAM ASHRAF YUSUF,3112282272,X.6
SATRIO BIMO HADI MUGNI,3109257426,X.6
ZAHIR FAUZI LAKORO,111803145,X.6
ALIFAH ZANIRAH MADJEGU,114548189,X.6
ALMA DHIA ALIFA NADHIF,111015306,X.6
ANHAR MADJID,116399717,X.6
ANNISA FAIHA BANO,113933697,X.6
CITRA OKTAVIA ROMAN,112754932,X.6
DEVINA SALSABILA S. DUNGGIO,118406585,X.6
DHEA ZULVIANA,103297325,X.6
FATIA ZAHRATUL MUTMAINAH LALIYO,3119068961,X.6
GHADIZA AZHARIA KARIM,3118284901,X.6
KAIFA ZANHAURA MUTMAINA USMAN,3113480062,X.6
KESYA RAMADHANI KARIM,3114648431,X.6
KHANSA NUR ZAHIDAH SALANDRA,117654106,X.6
MUZAYYANAH ZAHRATUNNISA,112635200,X.6
NABILA ALFATIMAH NUR KUMAUNANG,113973716,X.6
NADIRA RAMADHANI UTIA,117076347,X.6
NAILAH SHAFIRA LOLEH,118012417,X.6
NAISHA CHANDRIANI PUTRI,115152918,X.6
NAZWA FATIAZIRA,3117682903,X.6
PUTRI FIRANDHANI W. DALANGGO,116485640,X.6
SALSABILA ALHASNI,111036390,X.6
SITI NAZWA RAMADHANI MATAIHU,115198513,X.6
SYIFA ALFATIAH DWI YUNUS,123022488,X.6
SITI ZAHRA MOHAMAD,113229656,X.6
ZAHIRAH SALSABILA JAFAR,3112216628,X.6
ZAHRABIYA MALAHIKA,115333091,X.6
AFDAL ZIKRI KAMUMU,112282287,X.7
ALFAT LATIEF,111001839,X.7
ANDI CAKRA BIRAWA,119802019,X.7
AZKA FARROS OPONU,3109992078,X.7
DZAKHWAN HAFIDZ MUHSIN,3100541922,X.7
FURQON AZHAR PRATAMA LAUSU,3111205696,X.7
KHAIRUL AZZAM SALEH,105833007,X.7
MOH RIZKY IDRUS,105112482,X.7
MOHAMAD AL FATHIR BATA,114483838,X.7
MOHAMMAD ANUGRAH TILAMEO,113019154,X.7
MUHAMMAD DZAKWAN PAKAYA,117960714,X.7
MUHAMMAD FADLAN BAKRI,114872810,X.7
MUHAMMAD FAUZAN OLII,3112894300,X.7
RAFFAEL DWI ANUGRAH Y. KIAYI,3113803295,X.7
SIGIT HIKMATUL T. HARUN,116062615,X.7
ZULFIKAR.SYAFIQ.HUMONGGIO,113033059,X.7
ALCITRA HANDAYANI USMAN,117957286,X.7
ALYA PUTRI ISKANDAR,123913680,X.7
ADILLAH ZAKIATI MAHMUD,114370824,X.7
ALIKA IZZUNNISA MASAUDI,3115240297,X.7
ALYSSA ZAHRA RAFANI RAUF,111900843,X.7
ARDISTA FAZILA KINARA,116505279,X.7
ARRADIYAH THAHIRAH NAUE,3118618858,X.7
DHIA SYAFARANA H.ABAS,102120020,X.7
FIDELA KHAIRIYAH HARUN,114698339,X.7
HILALRNI R. TANGAHU,112775138,X.7
KHANSA' QONITA ATFAH,115027805,X.7
MIKHAILA RAHMA SYIFA GOBEL,3113830099,X.7
MIKHAILA RAHMA SYILLA GOBEL,3119024382,X.7
NAZWA NURUL SABRINA IDRAK,116474879,X.7
NIKMATUL KHAIRUNISA SAUD,111943372,X.7
NUR ZAHRA ALIMULLAH,124140505,X.7
PUTRY AMALYA RAMADHANY BAY,111060914,X.7
QONITA AZKA NAIMA NENTO,115093852,X.7
RIZKA RAMDHANY KASIM,3114544661,X.7
REGINA RAMADANI GINTULANGI,102376288,X.7
SALSABILA PUTRI YAHYA,103262372,X.7
SITI GHAZIYAH FALIHANI RADJAK,112984263,X.7
SITTI RAHMAH UTAMI,111491099,X.7
SRI ADELIYA USMAN,105068233,X.7
AHMAD AHIBBAI PAKAYA,119873454,X.8
ARFIN SAPUTRA ABDUL GANI,3106344119,X.8
AZWAR AL FATIH M. PAKAYA,3114436698,X.8
FURQAN MA'RIFATULLAH DOMILI,3112628139,X.8
GABRIEL JULIAN ABIGAIL R. DIDIPU,117363937,X.8
LA ODE NAUFAL HASAN,112148749,X.8
MOH. ALZABAIR H. DATAU,119848786,X.8
MOH. ANDIKA ARIF DAIPONTA,111947906,X.8
MOHAMMAD IRSAD DAMA,115043800,X.8
MUHAMMAD HAFIZHUL FURQAN ONTALU,102703434,X.8
MUHAMMAD JIBRIL ANDROMEDA ASIKU,3113144620,X.8
MOH. NAFIL AL ABQORY JUSUF,117422744,X.8
RAFHAEL SAID,117411202,X.8
SYAAKIR LALENO,3102451597,X.8
ADZRA DILAPIMIV TULEN,114476256,X.8
AFIFAH JILAN ARIFIN,3112216598,X.8
AIRA AZZAHRA OTOLUWA,125687257,X.8
ALYSSA TRIANA FRINSTIN LINTANG,119641349,X.8
ATHAYA KHANSA PUTRI TAMUTU,113329347,X.8
AULIA NUR ANJANI BIKI,119212365,X.8
AZIZAH MAGFIRAH BANGGA,112367599,X.8
DWI CAHYA BINTANG HASANIA,118810166,X.8
FAIQAH RAHILAH PUTRI UMAR,113255219,X.8
HULWANAH KALHURIYAH ZIRAN,114319858,X.8
KHAYLA PUTRI CAHYANI WONGGO,114300577,X.8
MARSYA ZAHIRA ABDULLAH,118578949,X.8
MADINA SYAHRANI FATHAN,116489386,X.8
NADHIRA VIVIAN BAHUWA,118400292,X.8
NADINE KHANSA ARSYIFA ARIF,114835282,X.8
NAJLA NAZHIFAH H. PUTRI,3101759510,X.8
NAZWA PUTRI R.HUSAIN,113833132,X.8
NUR RAHMA ALFIYAH LIMONU,102655713,X.8
NURLATHIFA NAYLA PUTRI,3114413397,X.8
QANITA DAFINAH Y.J. SAMAD,3107395687,X.8
RAHMATIKA DJAFAR MAKU,114485353,X.8
RIZKIANY IZZATUNNASIAH RAUF,116838998,X.8
SALWA NAINA NAPU,119672711,X.8
SITI FATIMATUZAHRA USMAN,3112609656,X.8
SIFATUNNISA GOBEL,3115160380,X.8
SRY ADELIA A. PADJILI,119139921,X.8
AHMAD AL FARUQ T. MANHIA,117548031,X.9
ARYA MAULANA ISHAK,119942434,X.9
AYATULLAH ANUGRAH ISMAIL,3113702721,X.9
AZWAR BAZIL ADOLO,114439976,X.9
FADIL ZAFRAN PRATAMA ALINTI,112715815,X.9
HAFIS GIO LALU,118320331,X.9
MOH. FAHRIO NGABITO,118668270,X.9
MOH. FREZCHAL A. MASANGKA,3110151064,X.9
MOH. KHAIRUL AZZAM LAKORO,114945807,X.9
MOHAMMAD REZKY F. MODJO,116262652,X.9
MUHAMMAD MIRZA DHIAURRAHMAN,3114128786,X.9
MUHAMMAD NUR IHSAN SADUE,3112419421,X.9
MUHAMMAD RAFA DIDAR ALMAS,3117260786,X.9
RAHMAT FADHEL PRATAMA S. RAUF,3105243374,X.9
TAUFIK ABDUL GANI,118189954,X.9
AFIFAH NAJAH AFANDI,3115894782,X.9
AINAYA NUR SALSABILAH NGGOLE,3112396777,X.9
ALYA TAZKIA WIBOWO,111616169,X.9
AQHILLA AISAH RASJID,115050427,X.9
AULIA MOHAMAD,117600836,X.9
AULIA NOOR AINI DAALIUWA,115078618,X.9
AZKIYAH ZALFAA UTIARAHMAN,3112457225,X.9
DWI ANINDHITA PAKAYA,105512483,X.9
ERIKA REZKI APRILIA,3118279474,X.9
GICHELLA INKA EATO,118384909,X.9
HAIFA NAZILLA PUTRI R. JAILANI,3106558313,X.9
HAURA AZ-ZAHRA PRAMONO,113006447,X.9
FAHIRA AURISTAJAYA ACHIR,104365314,X.9
FADHILA DZAHABIYYAH MILE,3108101258,X.9
HUMAIRAH AGNI PUHI,3119670736,X.9
KHIROTUN NISA,3113580124,X.9
MAVI MARMARA TARUNA,3106848051,X.9
NAFISHA AZRINA DUTA KAMARU,3117899865,X.9
NAFLA SYAKIRA ADNAN,109688617,X.9
NAZWA RAIS,3114670667,X.9
NUR HUSNA KASANI,118383332,X.9
NUR ZAFIRAH PUTRI YUNUS,101509071,X.9
SALWIYAH FARHAH BANTAHARI,116023129,X.9
SAZKIA AZIMAH PUTRI AGUSRANTO,3111743984,X.9
SITI KHADIJAH LABACO,109298603,X.9
AHMAD NUR AZAN LASAE,104631741,X.10
ARYA PUTRA ANUGERAH ABDULAH,112774393,X.10
ASWIN TAHA,102570885,X.10
FAHMI KHAIRUL M. DJAFAR,3110670099,X.10
HANIF MUHARRAM ARSYAD,3106691268,X.10
MOH. NASRULLAH MOPUTI,3113841503,X.10
MOH. RIDHO HALA,111965185,X.10
MUAZZAM ALFATIH TOMELO,3110784052,X.10
MUH DAFFA SATRIA JUNUS,114043888,X.10
MUHAMMAD RIZKI LAGARUSU,117692986,X.10
MUHAMMAD RIZKY ADITYA LAYA,3111852536,X.10
MUHAMMAD RUSLANSYAH KATILI,3112536886,X.10
RAMADHAN PIRLO IBRAHIM,102440338,X.10
RIZKY PODUNGGE,104712514,X.10
SYARIF HASAN ABDAL BASYITH,,X.10
TSAQIF HIBATULLAH RUSLI ANWAR,116157602,X.10
AISYAH PUTRI RAMADHANI WAHYU,3114635781,X.10
ALVIANY MAULIDINA RAUF,112261352,X.10
AURELLIA SYIFA IBRAHIM,3117085663,X.10
AISYAH KHAIRUNNISA NAKTIBYRIN OKO,3117603251,X.10
ALSHYFA RIZQINA AURA PAKAYA,3110443381,X.10
CARISSA DELMORA QURANIAH MONOARFA,3111054725,X.10
DWI PUTRI AQILLAH ANWAR,107300009,X.10
FAEYZA RIFQAH DWIPUTRI BOUTA,3113832506,X.10
HAJARATIKAH NURSITTHIN MONOARFA,3113503391,X.10
LUTHFIYAH MAWAHIB ACHMAD,119016501,X.10
NAJMAH NURFADHILAH KAI,111197019,X.10
NAURAH RAMADHANI,3116343937,X.10
NAWAAL SYAUQIAH AMIN,3118037803,X.10
NAZWA SALSABILAH ARIFIN,103078442,X.10
NUR ADYA PUTRI DJOU,3114344629,X.10
NUR MAGHFIRAH S. HASAN,116995169,X.10
NUR'FADILA SYALHA GANI,3114415211,X.10
NURAIN ASRI RATU MARDJUN,3115218697,X.10
NURUL FUADA WINARNO DUDA,115043889,X.10
RIVANNY DWI NAMIRA MOHUNE,3115470693,X.10
SHAFIRA AQILAH HADJU,115565674,X.10
SITI ALFIA LATIEF,111121019,X.10
SITI AURELIA HUNTU,115982102,X.10
SITI ZAHRA BAHTIAR,119804904,X.10
AKBAR RAMADHAN DAGONG,118234983,X.11
ATHARIZ REYNHARD MODJO,3117301640,X.11
AWWAL KHAYRAN HULINGGI,118586262,X.11
FAHRIAN TAHA,114114211,X.11
HUGO FATHURRAHMAN MAKU,111832738,X.11
IRGI FAHREJIANSYAH PAPEO,117062485,X.11
MAHARDIKA ARAYSALAM KOLOPITA,3116413973,X.11
MOH.ARIEL ANUGRAH ISHAK,117018658,X.11
MOH.RAFI NAUFAL MAKSUM,3115815600,X.11
MOH.SYAWAL AL FITRAH PAKAYA,115116610,X.11
MUHAMAD ANDIKA PRASETYA,115042090,X.11
MUH. NAUFAL ABQARY,105798632,X.11
MUHAMMAD SYAHFWAN RIVANZA SAID,113857405,X.11
MUHAMMAD SYAHRUL LAPANANDA,123301609,X.11
MUQSITHUL ARIQ YUNUS,118502485,X.11
REZKY ADITYA PRATAMA AMBOY,3110759027,X.11
RIZKY MUHAMMAD ALI,107613846,X.11
THIFAL AHSAN RAHMAN,109827164,X.11
AUREL NABILA DEU,114215312,X.11
ABIYYAH NAZWA DAUD,117928284,X.11
ANGGUN LUTFIAH ADAM,118062825,X.11
ALYA MUFIDAH ABDUL MALIK,3118159763,X.11
AYU MAGHFIROH PAKILI,105935417,X.11
CAHYA KAMILA MAJID,112558276,X.11
FARISYA DANISWARA PUTRI HARYANTO,3110502894,X.11
HUSNUL FATHIYAH WANTU,108553819,X.11
IQLIMA CHAIRUNISA UI,104999096,X.11
JULIA ZAHRANI NAPU,112027280,X.11
KARINA AMELIA AHMAD,119588644,X.11
LUTFIA AINURRAHMA DAUD,3111916825,X.11
MAGHFIRAH LIVY DOMILI,116637439,X.11
NADA FAJRIA SALSABILA HEMETO,119877468,X.11
NUR ALISYA SYAWAL,108909022,X.11
NURUL MUTHI'AH POHA,3116428810,X.11
NURJANNAH AZAHRAH BADERAN,115991762,X.11
SHAFIRA AZZAHRAH TALOTO,3116323558,X.11
SITI DESYIFA SUNGE,114480233,X.11
SITI NUR FADHILLAH R.MOHAMAD,106529666,X.11
SUCI RAHMA RAMADHANI Y. TULOLI,117998784,X.11
ZAHIRA ADZRA AQILAH DUE,108376654,X.11
AZKA AZHFAR RAMADHAN KIAYMODJO,112789858,X.12
FAREL KHAIRUL ILHAM,119818129,X.12
FATHIR DILAWAR MURTAZA MUSA,124256797,X.12
FRIYANTO LASENA,113879967,X.12
KENZI FEBRIANO LUBIS,115063259,X.12
MARVELINO FEINDRA LANGAGO,114408771,X.12
MOHAMAD FITRAH SYAHRAIN PAGAU,101145576,X.12
MOH.ATHALLA NARARYA MONOARFA,3110679072,X.12
MUHAMMAD MEIZART ALFURQON,114238713,X.12
MOHAMAD FURKON U. DAKO,3115848010,X.12
MUH. ALIEF DAFANSYA GOBEL,3112826293,X.12
MUH. NUR RAMADHAN PUTRA KAMALI,117646321,X.12
MUH. QABIL AHNAF ERWIN,113961589,X.12
MUH.RIZKI RAMADHAN MALOTO,115934150,X.12
MUHAMMAD ATTIRMIDZI ANTU,3114989127,X.12
MUHAMMAD FAHRIL KAHARU,3110714306,X.12
RAHMAT HIDAYAT GINOGA,3122270752,X.12
RIFQY FAUZAN M. MAKU,111370117,X.12
AZKIAH LATHIFA KHAIRUNNISA MAHMUD,3119022596,X.12
ANNISA PUTRILIA KASIM,115233781,X.12
AN-NISYA NURCHALIFAH MOHI,113630965,X.12
ANNABILLAH PUTRI HUNOWU KHAN,108977433,X.12
ALISHA NADHIRA IZ OTODU,115076787,X.12
AURA PRISILLIA PUTRI DATUNSOLANG,115482434,X.12
BINTANG HASANAH MOHAMAD,119979850,X.12
DAVILA AZKIYA ZAHRA BATALIPU,3114057719,X.12
FAHRANI RAMADHAN SIGAR,3114928062,X.12
ISMIYATI ELSA SARIDI,108334235,X.12
KHALISHA AMAL M. SUBETAN,116093583,X.12
LUTFIAH ARIMI H. LAKORO,115510262,X.12
MAGHFIRA PRICILLA RAMADHANI SUATAN,3112942971,X.12
NAIFAH SYAKIRA ALAMRI,118340933,X.12
NUR FITRIA KALAPATI,105042629,X.12
NURUL MISBAH NUSI,118095121,X.12
ORIVIANA DIVA,113805145,X.12
PUTRI MIRANDA SAUD,109725487,X.12
SALWA SAUSAN NAZILAH BOTUTIHE,3114832871,X.12
SITI SARAH USMAN,117922174,X.12
UFAIRAH NAJLA NAURA KADIR,104495441,X.12
ZALFA' AZZIRA GAGULU,116156492,X.12
ADITYA SAPUTRA TAKBIR,111801872,X.13
ARKANANTA RAFA MAHARDIKA,116079160,X.13
DAFFA PRATAMA UMAY,3117985068,X.13
FAUZIL RAQILLAH POLAPA,111043641,X.13
FADHIL MUHAMMAD NENTO,112520189,X.13
IBRAHIM EL SHIRAZY UNO,114319130,X.13
MOHAMMAD ALL-FATIH AKASEH,116828587,X.13
MOHAMAD RIZKI NGGULE,103723082,X.13
MOH. RIZKY MIOLO,114385986,X.13
MOH.RIZAL AL'ZIKRA,3103768184,X.13
MOH.TAUFIQQURRAHMAN SYAMSUL,107549393,X.13
MUHAMMAD ANNAZAM PAKAYA,3118558591,X.13
MUHAMMAD FAIZ RAMADHAN THAIB,115382946,X.13
MUHAMMAD DAFFA DIANDAR TASLIM,102144428,X.13
MUH. NABIL REZKIAWAN MURSALI,3116273623,X.13
MUSHLIH DJAFAR,114825019,X.13
NABIL AL KAHFI ANO,3109160327,X.13
RAHMAD RAFA LAMUSU,112241476,X.13
AINIA PUTRI RAMADHANI LAMATENGGO,3115260810,X.13
ALIFFA MAYA SAUD,115844767,X.13
ATHIRAH VANIAH D. SALEH,108810109,X.13
ASYIFATUL KHOTIMAH HARUNA,116233431,X.13
DANIYAH AQILA EKA PUTRI S. IBRAHIM,111669776,X.13
FATMAWATY CHAIRUNNISA WAHAB,111120646,X.13
KEYSHA ANGGRIANY TAHIR,3113027019,X.13
LEYDI ADELVIRA,3113594885,X.13
LUTFIAH NAJLA FARTHUNNISA BENTU,109742183,X.13
NAZWA INAYAH PUTRI ISMAIL,106568050,X.13
NUR ZAHIRAH BEU,3107343187,X.13
NUR QADRIMAH KUSIRA,116855730,X.13
PUTRI ADELIA ARYUN,3118260149,X.13
RAIHANAH APRILIA ISHAK,126701595,X.13
RAHMATIA RAMADHANI AHMAD,106818329,X.13
REZKINA GOBEL,117013691,X.13
SALSABILAH MAJID,122295020,X.13
SITI KHUMAIRAH MAHMUD,112034548,X.13
SITY KHAFA KAYLA NGIU,102168544,X.13
SYAFIQAH THALITA SALSABIL DANGKUA,111544041,X.13
TAZKIAH PUTRI LANUSU,103940827,X.13
ZASKIA DWI PUTRI,118974303,X.13
KLARISKA BOTUTIHE,113045380,X.13
ADHYAKSA ALIM,114019334,X.14
ARIB DZAKY TOJIB,118878345,X.14
DARWIN ALMIZA,3113154067,X.14
FAIDLURRAHMAN SULEMAN,102631071,X.14
HANAN ALFATIH UNO,3114455893,X.14
JAMES FATAHILLAH ALGHIFARI NEO,108657862,X.14
MOHAMMAD ABIR ABRISAM MOSOLO,3126809298,X.14
MOHAMMAD NABIL VITO IBRAHIM,119799737,X.14
MOHAMAD REZA PRASETYA PANYILI,118069765,X.14
MOH. FAIZ SANDY RAMADHAN ISMAIL,116522443,X.14
MOH. FADHIL SAPUTRA SAHI,117431801,X.14
MUHAMMAD ALFAQEEH PUTRA MOOTALU,119403249,X.14
MUHAMMAD ALKHASYIR LAKORO,3105127821,X.14
MUHAMMAD FADLY ALFATAH,118894809,X.14
MUHAMAD FURQON HASAN,118996063,X.14
M NURSANDY MUGTASAL,115815658,X.14
NAUVAL RIZKY MAHMUD,108721362,X.14
RAKA AFLAHA MAN ZAKKA,104269706,X.14
AULIA DWI ANGGREINI,114923889,X.14
AINIYAH RAMADHANI RIDWAN,3117554218,X.14
AIRAH THALITA ZAHRA SUMA,3122455799,X.14
FADILAH KIRANIA HUNOWU,112873566,X.14
JILLZALYA ZIVANA ALEXANDRIA ENTENGO,3119250378,X.14
KIRANA LAURA BIYA,118161557,X.14
KHANSA JULIANE MASEKE,112693676,X.14
MIFTAH TASMIRAH POOE,121070920,X.14
NANDA RAUF,115113010,X.14
NADIYAH AULIA LAKORO,112846662,X.14
NYAZILLA FAWASIKA SUSANTO,111002209,X.14
NURALIYAH ABDULLAH,3118043694,X.14
RAFILAH DWI AZZAHRA,117210384,X.14
RIZQAH MUTHAHARAH MONTI,116644241,X.14
RIFDA AULIA PUTRI R. SAID,3105101799,X.14
SYAFADHILA H. UTIARAHMAN,127083593,X.14
SITI RAHMA MUTHIA PAKAYA,3108149059,X.14
SILVANA NANDRAWATI MILE,116188022,X.14
SHAFIYAH MAR'ATUL JANNAH ABDILLAH,119577072,X.14
SYIFA LATIFAH AISYAH AHMAD,117286668,X.14
TIARA ATTANIA PUTRI UMAR,119746931,X.14
ZAHIRA P. MOHAMAD,104949107,X.14
AHMAD MUFID ABDULLAH,112332368,X.15
AHMAD ZAINAL TANGAHU,112238279,X.15
DENISH ARSYA ARRAZI KADIR,3118632544,X.15
FAHZAN ALPUTRA MOHUNE,105403257,X.15
M.SAKTI MAULANA A. PODUNGGE,3119965701,X.15
MOH ADRIANSYAH MUSLIM LAKORO,3117739576,X.15
MOHAMMAD FAKHRI RAHMAN,113634619,X.15
MUH. FATHIR HIDAYAT IBRAHIM,108491854,X.15
MUHAMMAD PUTRA PRATAMA ISMAIL,114356928,X.15
RAHMAT SAPUTRA AMU,113681531,X.15
REVAN PUTRA UTIARAHMAN,3120102776,X.15
SULTAN MUHAMMAD RHASYA PUTRA WINOF,113478092,X.15
WAHYU MAULANA SINANDAKA,118925210,X.15
ANINDYA ATAYA HASANA,103252825,X.15
ANISA PUTRI HIOLA,111146701,X.15
ARRAYYA AULIA MAHMUD,119281824,X.15
BALQIS ADIBA AZ'ZAHRA IZZUDDIN WARTABONE,103656760,X.15
DINNA INAYAH UTIARACHMAN,119832606,X.15
ISRA AMMARA FATTIQA DUNGGIO,115146265,X.15
KHALILA FATIMAH PUTRI YASIN,117309371,X.15
MA'RIFATUL HASANA ALI,108732293,X.15
MURSYOLIS AULIA MUHAMAD,118496842,X.15
MUTIA MUSTAGFIRAH HEMETO,3113178249,X.15
NANDA AULIYA,113792722,X.15
NISMA ALAMRI,118182665,X.15
NUR RAMADHANI,113761010,X.15
NUR ALIYA MUSADA,117434452,X.15
PUTRI SALSABILAH,116113409,X.15
PUTRI ZASKIA MUCHTAR,119492418,X.15
RASTI ABDULLAH,116058130,X.15
RAFILA MAZAYA ADAM,3109185688,X.15
RIANDINI PUTRI RIVAI,115539637,X.15
SITTI HAJARRINA AULIA USMAN,104238136,X.15
SITTI ALMIRA SYAUQINA CONO,3117697579,X.15
SHIFFA ANNASTASYA H. AR,3115350591,X.15
SYIFA DWI NURAINI DJALI,112420926,X.15
ZIFFARAH BANTAHARI,112388442,X.15
SURYA AGUNG L. PUNU,114103358,X.15